CO_ID;YYYY/MM;Quarter;consolidation;Month;Currency;Total cash and cash equivalents;Total current financial assets at fair value through profit or loss;Financial assets at fair value through other comprehensive income - Current;Financial assets measured at amortized cost - Current;Current financial assets for hedging;Current contract assets;Accounts & notes receivable;Other receivable;Loan to others - Short-Term;Total inventories;Non-current assets classified as held for sale, net;Total current tax assets;Total current assets;Total non-current financial assets at fair value through profit or loss;Financial assets at fair value through other comprehensive income - Non-Current;Financial assets measured at amortized cost - Non-Current;Non-current financial assets for hedging;Non-current contract assets;Investments accounted for using equity method, net;Non-current prepayments for investments;Total property, plant and equipment;Goodwill and intangible assets;Deferred tax assets;Deferred assets;Right of use assets;Investment property, net;Total other non-current assets;Total non-current assets;Total assets;Total short-term borrowings;Total short-term notes and bills payable;Total current financial liabilities at fair value through profit or loss;Current financial liabilities for hedging;Financial liabilities measured at amortized cost - Current;Current contract liabilities;Accounts and notes payable;Other payable;Current tax liabilities;Total current provisions;Liabilities included in disposal groups classified as held for sale;Current Lease Liabilities;Total long-term liabilities, current portion;Current preference share liabilities;Total current liabilities;Total non-current financial liabilities at fair value through profit or loss;Non-current financial liabilities for hedging;Financial liabilities measured at amortized cost - Non-Current;Non-current contract liabilities;Non-current preference share liabilities;Total bonds payable;Long-term bank loans;Other long-term payable;Non-current Lease Liabilities;Total non-current provisions;Deferred credits, gains on inter-affiliate accounts;Accrued pension liabilities;Total deferred tax liabilities;Total non-current liabilities;Total liabilities;Ordinary share;Preference share;Advance receipts for share capital;Stock dividend to be distributed;Certificate of entitlement to new shares;Capital;Total capital surplus;Legal reserve;Special reserve;Total unappropriated retained earnings (accumulated deficit);Total retained earnings;Total other equity interest;Treasury shares;Total equity attributable to owners of parent;Interests in the former associate or jointly controlled entity;Non-controlling interest in pre-acquisition share capital;Non-controlling interests;Total equity;Total liabilities & equity;Total operating revenue;Total operating costs;Gross profit (loss) from operations;Realized (unrealized) profit - affliated companies;Realized gross operating profit;Total operating expenses;Total research and development expenses;Expected credit impairment (loss) gain;Net other income (expenses);Net operating income (loss);Total interest income;Other Non-Operating Income;Other gains and losses, net;Finance costs, net;Share of profit(loss) of associates &joint ventures accounted for using eq. meth;Gain (loss) on expected credit impairment;Gain (loss) on derecognition of fin. assets meas. at amortized cost;Gain (loss) on financial assets reclassification;Non-operating income and expenses, other;Total non-operating income and expenses;Profit (loss) before tax;Total tax expense (income);Profit (loss) from continuing operations;Total profit (loss) from discontinued operations;Comprehensive income, attributable to non-controlling interests in pre-aquisitio;Other adj. item - I/S;Profit (loss);OCI-Items that are not reclassified to profit or loss;OCI-Subsequent items that are or maybe reclassified to profit or loss;OCI-Attributable to non-controlling interest in pre-acquisition share capital;Other comprehensive income, net;Comprehensive income;Profit (loss), attributable to owners of parent;Profit (loss), attributable to non-controlling interests;Profit (loss), attributable to interests in the former jointly controlled entity;Comprehensive income, attributable to owners of parent;Comprehensive income, attributable to non-controlling interests;Comprehensive income, attributable to non-controlling interest in pre-aquisition;Total basic earnings per share;Average commen shares (Thousand);Preferred stock dividends;Diluted net income;Total diluted earnings per share;Average diluted commen shares (Thousand);Earnings before interest and tax;Earnings before interest, tax, depreciation and amortization;Recurring net income;Cash dividends - Common stock - Interim;Stock dividends - Common stock - Interim;Cash dividends - Preferred stock - Interim;Stock dividends - Preferred stock - Interim;Cash dividends - Common stock;Stock dividends - Common stock;Cash dividends - Preferred stock;Stock dividends - Preferred stock;Cash dividend per share;Cash dividend per share - Retained earnings;Cash dividend per share - Capital surplus;Stock dividend per share - Retained earnings;Stock dividend per share - Capital surplus;Cash dividends from capital surplus;Stock dividends from capital surplus;Pre-Tax income (CF);Depreciation expense;Amortization expense;Net cash flows from (used in) operating activities;Purchase of long-term investments;Sale of long-term investments;Purchase of fixed assets;Sale of fixed assets;Net cash flows from (used in) investing activities;Proceeds from capital Increase(decrease);Cash dividends paid;Net cash flows from (used in) financing activities;Effect of exchange rate changes on cash and cash equivalents;Cash flows during current period;Cash and cash equivalents at beginning of period;Cash and cash equivalents at end of period;Tax1% Estimate;Estimated Tax Credit Rate;BS-Total current financial assets at fair value through profit or loss (IFRS);BS-Held-to-Maturity financial assets - Non-Current;BS-Total current financial liabilitie at fair value through profit or loss(IFRS);BS-Construction contracts payable;BS-Financial liabilities carried at cost - Non-Current;Return on Assets Ratio (C) - Recurring Income Before Interes;Return on Assets Ratio (A) - Income from Continuing Operatio;Return on Assets Ratio (B) - Recurring Income Before Interes;ROA-Comprehensive Income;Return on Equity - After Tax;Net Profit Margin - Before Interest, Taxes, Depreciation and;ROE - Recurring Income;ROE-Comprehensive Income;Gross Margin Ratio;Realized Gross Margin Ratio;Operating Income Ratio;Pre-Tax Income Ratio;Net Income Ratio;Net Non-Operating Income Ratio;Recurring Income Ratio (After Tax);Berry Ratio;Return on Operating Assets;Number of Employees;Operating Expenses Ratio;Labor Cost Ratio;R&D Expenses Ratio;Bad Debts Expense Ratio;Cash Flow Ratio;Cost of Interest-Bearing Debt;Tax Rate (A);Tax Rate (B);Book Value Per Share (B) - Reserve for Capital Increase Adju;Book Value Per Share (A) - Reserve for Capital Increase and;Book Value Per Share (C) - Preferred Stocks Adjusted;Book Value Per Share (F) (TSE);Recurring EPS;Cash Flow Per Share;Sales Per Share;Operating Income Per Share;Pre-Tax Income Per Share;Comprehensive Income Per Share;Pre-Tax Income Per Share of Quarter End;Net Income Per Share of Quarter End;Net Operating Revenue Growth Rate - YOY;Gross Operating Profit Growth Rate - YOY;Realized Gross Operating Profit Growth Rate - YOY;Operating Income Growth Rate - YOY;Pre-Tax Income Growth Rate - YOY;Net Income Growth Rate - YOY;Income from Continuing Operations Growth Rate - YOY;Recurring Net Income Growth Rate - YOY;Total Assets Growth Rate - YOY;Total Equity Growth Rate - YOY;Depreciable Fixed Assets Growth Rate - YOY;Return on Total Assets Growth Rate - YOY;Net Operating Revenue Growth Rate - QOQ;Operating Income Growth Rate - QOQ;Net Income Growth Rate - QOQ;Pre-Tax Income Growth Rate - QOQ;Cash Flow Adequacy Ratio;Cash Reinvestment Ratio;Current Ratio;Acid-Test Ratio;Interest Expense Ratio;Interest Expense-to-Sales %;Liabilities /Equity Ratio;Liabilities Ratio;Equity /Total Assets Ratio;(Long-Term Liabilities +Equity) /Fixed Assets Ratio;Short-Term and Long-Term Liabilities;Net DEBT;Debt /Equity Ratio;Contingent Liabilities /Equity Ratio;Times Interest Earned;Operating Income Per Shares;Pre-Tax Income /Capital;Retention Ratio;Working Capital;Dividend Payout Ratio;(Inventories +Accounts Receivable) /Equity Ratio;Accounts Receivable Turnover;Total Asset Turnover;Days Sales Outstanding;Inventory Turnover;Days Inventory on Hand;Fixed Asset Turnover;Equity Turnover;Days Payable Outstanding;Net Operating Cycle;Accounts receivables Turnover Days_Quarter end;Inventory Turnover Days_Quarter end;Free Cash Flow (D)
2603 EMC;2023/09;3;Y;09;NTD;217.154.216;4.981;0;32.714.930;5.158.324;1.767.840;20.610.821;1.318.868;1.198.689;883.076;0;644.591;297.695.775;0;1.987.834;284.387;0;0;37.395.544;0;269.431.357;1.241.600;869.535;869.535;131.261.559;7.450.188;173.790.108;485.000.365;782.696.140;157.827;0;0;1.928.169;0;7.547.051;48.492.549;23.971.233;14.986.343;0;0;13.819.170;11.499.282;0;123.591.085;0;14.400.303;0;0;0;0;46.667.184;0;103.009.397;0;0;4.710.638;2.946.892;172.655.192;296.246.277;21.164.201;0;0;0;0;21.164.201;16.060.481;65.489.748;0;317.255.363;382.745.111;32.241.773;0;452.211.566;0;0;34.238.297;486.449.863;782.696.140;207.023.679;166.018.073;41.005.606;15.742;41.021.348;12.050.160;0;5.534;1.057.990;30.029.178;11.539.497;17.008.445;8.948.682;3.593.989;5.246.674;0;0;0;0;27.609.812;57.638.990;21.789.488;35.849.502;0;0;0;35.849.502;510.272;17.089.467;0;17.599.739;53.449.241;32.043.568;3.805.934;0;48.054.505;5.394.736;0;15,14;2.116.420;0;32.082.365;14,81;2.166.551;61.232.979;85.899.353;24.361.218;-;-;-;-;-;-;-;-;-;-;-;-;-;-;-;57.638.990;24.411.080;255.294;-16.189.115;-471.698;13.046.838;-10.007.654;1.347.478;-16.525.693;0;-148.149.406;-150.902.517;8.910.835;-174.706.490;391.860.706;217.154.216;-;-;-;-;-;-;-;8,91;4,64;5,62;6,4;6,71;41,49;4,56;10;19,81;19,81;14,51;27,84;17,32;13,34;11,77;340,29;10,59;10.844;5,82;6,26;0;0;-13,1;2,95;37,8;37,8;213,67;213,67;213,67;213,67;23,81;-7,65;97,82;14,19;27,23;25,25;27,23;15,14;-59,9;-88,38;-88,38;-91,22;-84,03;-88,61;-88,61;-92,26;-11,22;-15,33;29,54;-30,91;-;-;-;-;-;-;240,87;225,07;9,28;0,68;60,9;37,85;62,15;197,87;58.324.293;-196.708.158;11,99;0;17,04;141,89;272,34;-;174.104.690;-;4,42;11,89;0,33;30,6;296,55;1,23;1,15;0,52;77,88;-46,05;25,68;1,39;195.459.584
2609 YMTC;2023/09;3;Y;09;NTD;145.478.164;2.030.237;0;58.881.280;24.196.046;2.287.059;8.044.354;252.010;0;0;0;0;248.960.003;351.072;537.955;2.704.282;0;0;8.782.170;0;78.109.814;145.117;940.109;940.109;61.878.100;7.146.807;74.999.136;166.569.655;415.529.658;2.015.000;1.096.921;0;11.448.647;0;820.606;18.739.073;5.550.448;8.916.214;0;0;5.032.270;2.580.801;0;57.208.920;0;27.154.648;0;0;0;8.360.448;339.510;0;26.750.821;5.328;0;1.728.727;9.713.487;75.353.090;132.562.010;34.921.043;0;0;0;0;34.921.043;27.975.030;34.991.933;3.988.772;177.331.957;216.312.662;3.066.043;0;282.274.778;0;0;692.870;282.967.648;415.529.658;107.900.924;100.323.390;7.577.534;0;7.577.534;6.072.832;0;-604;180.331;1.685.033;9.206.241;9.277.569;4.078.844;1.926.862;551.728;0;0;0;0;11.981.279;13.666.312;7.337.640;6.328.672;0;0;0;6.328.672;-76.632;3.497.622;0;3.420.990;9.749.662;6.077.506;251.166;0;9.534.650;215.012;0;1,74;3.492.104;0;6.077.506;1,73;3.503.594;15.593.174;31.077.170;6.214.000;-;-;-;-;-;-;-;-;-;-;-;-;-;-;-;13.666.312;15.428.527;55.469;-2.788.262;-471;0;-7.480.453;82.400;79.891.597;0;-69.842.086;-87.042.454;5.989.324;-3.949.795;149.427.959;145.478.164;-;-;-;-;-;-;-;6,7;1,7;4,36;2,11;2,02;28,8;1,98;3,11;7,02;7,02;1,56;12,67;5,87;11,1;5,76;124,78;7,89;6.023;5,63;6,82;0;0;-4,87;1,34;53,69;53,69;80,83;80,83;80,83;80,83;6,44;-0,8;30,9;0,48;3,91;2,79;3,91;1,74;-65,85;-96,36;-96,36;-99,16;-93,64;-96,19;-96,19;-96,26;-17,51;-14,77;4,58;-31,32;-;-;-;-;-;-;435,18;417,56;24,48;0,18;46,85;31,9;68,1;373,41;14.392.680;-216.193.047;5,09;0;8,09;4,83;39,13;-;191.751.083;-;2,84;14,79;0,31;24,61;0;0;1,87;0,46;47,2;-22,59;23,23;0;85.229.940
2603 EMC;2023/06;2;Y;06;NTD;374.340.928;0;0;16.736.151;6.126.584;1.393.404;20.439.360;2.234.080;1.297.948;791.465;0;545.409;436.841.935;0;1.829.431;284.092;0;0;43.890.736;0;229.050.547;1.273.491;862.807;862.807;131.437.880;6.689.149;170.914.251;448.105.355;884.947.290;10.075;0;4.483;1.851.130;0;6.136.236;45.952.128;171.149.402;25.248.182;0;0;14.106.606;10.002.708;0;275.682.559;0;14.341.140;0;0;0;0;32.304.685;0;102.620.423;0;0;4.242.976;3.418.673;157.792.455;433.475.014;21.164.201;0;0;0;0;21.164.201;16.058.024;65.489.748;0;295.346.759;360.836.507;20.552.765;0;418.611.497;0;0;32.860.779;451.472.276;884.947.290;134.211.265;105.614.607;28.596.658;10.495;28.607.153;7.970.583;0;-290;632.363;21.268.933;7.658.576;8.019.471;1.694.429;2.143.993;3.604.180;0;0;0;0;11.174.087;32.443.020;19.648.324;12.794.696;0;0;0;12.794.696;894.081;3.889.347;0;4.783.428;17.578.124;10.134.964;2.659.732;0;14.456.893;3.121.231;0;4,79;2.116.420;0;10.160.794;4,69;2.165.987;34.587.013;50.106.565;12.546.750;-;-;-;-;-;-;-;-;-;-;-;-;-;-;-;32.443.020;15.350.406;169.146;-16.739.634;-470.510;0;-6.907.267;770.147;10.081.608;0;0;-12.989.996;2.128.244;-17.519.778;391.860.706;374.340.928;-;-;-;-;-;-;-;5,63;1,64;3,01;1,98;2,47;37,33;2,43;3,4;21,31;21,32;15,85;24,17;9,53;8,33;9,35;358,78;26,31;10.844;5,94;6,31;0;0;-6,07;1,87;60,56;60,56;197,79;197,79;197,79;197,79;66,36;-7,91;63,41;10,05;15,33;8,31;15,33;4,79;-61,19;-88,07;-88,07;-90,86;-86,63;-93,96;-93,96;-94,07;1,19;-7,14;18,51;-22,14;-;-;-;-;-;-;158,46;152,78;14,78;0,63;96,01;48,98;51,02;211,21;42.317.468;-354.886.195;9,37;0;16,13;100,49;153,29;-;161.159.376;-;4,7;11,61;0,3;31,35;301,49;1,21;1,22;0,52;79,42;-46,86;19,17;1,26;179.303.657
2609 YMTC;2023/06;2;Y;06;NTD;115.512.795;8.941.423;0;147.355.887;29.185.965;1.777.835;9.181.732;448.987;0;0;0;0;319.456.455;353.987;546.211;2.579.696;0;0;8.598.236;0;73.040.666;151.861;676.799;676.799;66.988.071;7.146.807;74.503.968;160.451.424;479.907.879;2.040.000;1.098.641;0;8.669.467;0;560.398;16.161.959;75.630.422;6.890.165;0;0;4.987.723;2.573.408;0;119.556.270;0;32.928.652;0;0;0;8.341.332;363.443;0;26.995.128;5.141;0;1.772.151;10.583.281;82.312.439;201.868.709;34.921.043;0;0;0;0;34.921.043;27.975.030;34.991.933;3.988.772;174.525.537;213.506.242;879.823;0;277.282.138;0;0;757.032;278.039.170;479.907.879;71.999.811;65.033.000;6.966.811;0;6.966.811;4.045.483;0;-1.287;120.368;3.041.696;6.256.839;6.300.432;2.038.630;1.242.935;242.237;0;0;0;0;7.338.364;10.380.060;6.931.475;3.448.585;0;0;0;3.448.585;51.141;776.936;0;828.077;4.276.662;3.271.086;177.499;0;4.164.486;112.176;0;0,94;3.492.104;0;3.271.086;0,93;3.506.690;11.622.995;21.979.730;3.346.684;-;-;-;-;-;-;-;-;-;-;-;-;-;-;-;10.380.060;10.320.865;35.870;-17.222.451;-467;0;-565.340;72.073;-10.628.555;0;0;-7.374.148;1.309.990;-33.915.164;149.427.959;115.512.795;-;-;-;-;-;-;-;4,43;0,9;2,56;0,87;1,11;30,53;1,08;1,38;9,68;9,68;4,22;14,42;4,79;10,19;4,65;172,21;32,71;6.023;5,62;6,88;0;0;-14,41;0,89;66,78;66,78;79,4;79,4;79,4;79,4;19,89;-4,93;20,62;0,87;2,97;1,22;2,97;0,94;-66,69;-95,29;-95,29;-97,88;-93,17;-97,04;-97,04;-97,12;-6,35;-0,66;-0,99;-22,09;-;-;-;-;-;-;267,2;259,82;27,98;0,18;72,6;42,06;57,94;392,58;14.416.824;-286.579.246;5,19;0;9,35;8,71;29,72;-;199.900.185;-;3,3;13,99;0,29;26,02;0;0;1,94;0,46;44,94;-18,92;17,71;0;75.988.603
2603 EMC;2023/03;1;Y;03;NTD;407.558.951;0;0;28.748.784;4.695.526;1.112.201;21.963.385;2.308.371;1.427.916;552.566;0;367.254;480.592.491;0;1.589.433;542.155;1.902.976;0;41.246.019;0;222.951.746;1.328.192;872.241;872.241;104.277.134;6.675.204;140.684.076;411.116.838;891.709.329;9.734;0;11.456;1.833.386;0;6.514.797;46.461.507;23.745.626;69.486.066;0;0;11.080.528;7.260.462;0;168.925.473;0;14.482.816;0;0;0;4.819.052;32.504.252;0;78.017.197;0;0;4.255.546;2.642.177;137.627.077;306.552.550;21.164.201;0;0;0;0;21.164.201;16.056.176;32.019.129;1.145.770;470.603.257;503.768.156;12.787.352;0;553.775.885;0;0;31.380.894;585.156.779;891.709.329;66.826.650;52.025.224;14.801.426;5.248;14.806.674;3.937.901;0;6.298;268.483;11.137.256;3.539.436;3.649.545;1.085.083;942.418;1.299.217;0;0;0;0;5.091.427;16.228.683;9.894.802;6.333.881;0;0;0;6.333.881;16.636;-3.737.047;0;-3.720.411;2.613.470;5.042.719;1.291.162;0;1.473.723;1.139.747;0;2,38;2.116.420;0;5.055.617;2,36;2.143.110;17.171.101;24.708.353;6.093.693;-;-;-;-;-;-;-;-;-;-;-;-;-;-;-;16.228.683;7.452.881;84.371;19.335.380;-470.944;0;-3.717.444;319.409;4.675.233;0;0;-5.481.317;-2.831.051;15.698.245;391.860.706;407.558.951;-;-;-;-;-;-;-;2,75;0,8;1,45;0,29;1,08;36,97;1,04;0,45;22,15;22,16;16,67;24,28;9,48;7,62;9,12;375,87;48,01;10.844;5,89;6,25;0;0,01;11,45;0,87;60,97;60,97;261,66;261,66;261,66;261,66;112,29;9,14;31,58;5,26;7,67;1,23;7,67;2,38;-60,88;-87,46;-87,45;-90,3;-86,17;-94,03;-94,03;-94,26;17,66;25,19;25,89;-11,12;-;-;-;-;-;-;284,5;276,28;13,3;0,62;52,39;34,38;65,62;279,2;44.593.500;-396.409.761;7,62;0;18,22;52,62;76,68;-;311.667.018;-;3,85;11,19;0,3;32,52;358,07;1,02;1,23;0,46;81,06;-47,53;16,1;0,88;17.542.723
2609 YMTC;2023/03;1;Y;03;NTD;113.387.531;5.076.347;0;172.041.548;30.450.000;1.367.771;8.800.870;258.312;0;0;0;0;338.822.282;349.174;499.586;2.520.148;0;0;8.606.770;0;74.203.624;141.302;884.170;884.170;70.186.579;7.146.807;77.795.071;164.999.845;503.822.127;2.180.000;1.099.216;0;8.427.058;0;545.344;14.414.417;7.139.273;31.092.647;2.562;0;5.027.540;2.567.036;0;73.452.471;0;34.350.466;0;0;0;8.370.336;265.021;0;27.514.143;5.101;0;1.807.092;10.058.850;83.757.239;157.209.710;34.921.043;0;0;0;0;34.921.043;27.975.030;16.907.064;3.713.230;262.858.379;283.478.673;-578.992;0;345.795.754;0;0;816.663;346.612.417;503.822.127;36.953.438;33.536.911;3.416.527;0;3.416.527;1.955.646;0;-8.594;8.933;1.469.814;3.137.257;3.157.898;137.087;629.803;90.526;0;0;0;0;2.755.708;4.225.522;763.822;3.461.700;0;0;0;3.461.700;16.150;-586.113;0;-569.963;2.891.737;3.401.431;60.269;0;2.836.016;55.721;0;0,97;3.492.104;0;3.401.431;0,97;3.518.893;4.855.325;10.029.533;3.450.185;-;-;-;-;-;-;-;-;-;-;-;-;-;-;-;4.225.522;5.157.186;17.022;7.796.653;-465;0;-146.193;41.836;-39.399.367;0;0;-3.723.095;-714.619;-36.040.428;149.427.959;113.387.531;-;-;-;-;-;-;-;1,98;0,78;1,6;0,57;1;27,14;1;0,84;9,25;9,25;3,98;11,43;9,37;7,46;9,34;174,7;76,98;6.023;5,29;6,6;0;-0,02;10,61;0,44;18,08;18,08;99,02;99,02;99,02;99,02;35,85;2,23;10,58;0,42;1,21;0,83;1,21;0,97;-65,37;-95,46;-95,46;-97,97;-94,48;-94,3;-94,3;-94,31;9,14;17,63;1,68;-11,18;-;-;-;-;-;-;461,28;449,29;15,88;0,18;45,36;31,2;68,8;478,75;14.481.609;-306.473.817;4,18;0;7,71;4,21;12,1;-;265.369.811;-;2,54;14,63;0,29;24,88;0;0;1,97;0,43;41,2;-16,32;12,54;0;5.768.712
2603 EMC;2022/12;4;Y;12;NTD;391.860.706;0;0;42.965.536;6.543.287;1.748.928;25.800.927;1.439.613;2.328.519;609.788;0;230.283;483.935.294;0;1.581.495;509.667;1.918.021;0;43.648.146;0;211.064.739;1.340.558;849.457;849.457;105.236.115;6.353.694;142.664.680;403.576.763;887.512.057;9.843;0;10.460;1.821.342;0;7.458.705;46.227.705;26.850.536;60.213.263;0;0;11.152.946;6.819.851;0;164.879.242;0;15.054.334;0;0;0;4.806.154;33.373.936;0;78.762.711;0;0;4.304.408;2.844.110;140.082.780;304.962.022;21.164.201;0;0;0;0;21.164.201;15.968.043;32.019.129;1.145.770;465.562.042;498.726.941;16.354.844;0;552.214.029;0;0;30.336.006;582.550.035;887.512.057;627.283.761;228.841.382;398.442.379;7.761;398.450.140;24.764.546;0;1.955;1.122.717;374.808.311;6.379.814;6.991.520;11.845.235;3.255.348;9.034.760;0;0;0;0;24.616.167;399.424.478;53.251.513;346.172.965;0;0;0;346.172.965;-1.004.286;21.588.212;0;20.583.926;366.756.891;334.200.661;11.972.304;0;352.206.802;14.550.089;0;87,07;3.838.511;0;334.251.944;86,22;3.876.511;402.679.826;430.438.616;346.188.576;0;0;0;0;148.149.406;0;0;0;70;70;0;0;0;0;0;399.424.478;27.437.485;321.305;422.429.577;-3.819.754;4.272.064;-17.835.119;3.612.856;26.275.564;-31.746.301;-95.238.884;-168.395.206;3.758.375;284.068.310;107.792.396;391.860.706;-;-;-;-;-;-;-;57,45;46,55;49,51;48,95;73,66;68,62;73,67;78,04;63,52;63,52;59,75;63,68;55,19;3,92;55,19;1.608,92;77,58;10.844;3,95;4,37;0;0;256,21;2,27;13,33;13,33;260,92;260,92;260,92;260,92;157,92;110,05;296,39;177,1;104,06;95,55;188,73;157,91;28,17;31,94;31,97;31,58;38,58;31,57;31,57;31,6;45,25;63,03;36,3;14,27;-;-;-;-;396,79;39,72;293,51;285,63;0,93;0,19;52,35;34,36;65,64;294,09;45.009.784;-396.359.745;7,73;0;123,7;1.770,95;1.887,26;55,67;319.056.052;44,33;4,53;18,63;0,84;19,59;379,36;0,96;3,44;1,33;61,09;-40,54;16,03;0,97;211.062.717
2609 YMTC;2022/12;4;Y;12;NTD;149.427.959;4.302.945;0;133.484.952;30.710.000;1.853.463;11.408.798;99.182;0;0;0;110.543;338.579.023;353.165;506.847;2.138.776;0;0;8.742.640;0;75.777.886;133.157;784.153;784.153;73.362.475;7.146.807;81.133.133;169.569.757;508.148.780;2.430.000;1.098.548;0;8.371.948;0;710.771;15.954.014;8.651.744;29.771.775;0;0;5.157.412;2.560.364;0;75.930.215;0;36.816.306;0;0;0;8.351.220;305.070;0;28.824.524;3.559;0;1.971.067;10.787.845;88.432.602;164.362.817;34.921.043;0;0;0;0;34.921.043;27.975.030;16.907.064;3.713.230;259.456.948;280.077.242;-13.577;0;342.959.738;0;0;826.225;343.785.963;508.148.780;375.899.874;145.729.755;230.170.119;0;230.170.119;11.375.818;0;-78.035;1.903.866;220.698.167;4.032.635;4.119.435;9.967.164;2.397.791;1.233.739;0;0;0;0;12.922.547;233.620.714;52.605.145;181.015.569;0;0;0;181.015.569;-125.701;-1.386.782;0;-1.512.483;179.503.086;180.591.942;423.627;0;179.110.549;392.537;0;51,71;3.492.104;0;180.591.942;51,15;3.530.836;236.018.505;256.096.236;182.816.788;0;0;0;0;69.842.085;0;0;0;20;20;0;0;0;0;0;233.620.714;20.010.747;66.984;210.067.260;-2.431;0;-8.454.179;58.668;-32.579.397;0;-69.842.085;-86.953.672;1.445.090;91.979.281;57.448.678;149.427.959;-;-;-;-;-;-;-;57,79;40,99;44,99;40,22;62,62;68,13;63,25;62,1;61,23;61,23;58,71;62,15;48,16;3,44;48,63;2.023,33;107,61;6.023;3,03;3,88;0;-0,02;276,66;2,06;22,52;22,52;98,21;98,21;98,21;98,21;52,23;60,15;107,64;63,2;66,9;51,4;66,9;51,71;12,65;7,99;7,99;8,51;15,44;9,31;9,31;10,21;32,19;46,71;2,5;4,51;-;-;-;-;447,52;27,94;445,91;433,86;1,31;0,09;47,81;32,35;67,65;465,1;14.745.202;-303.180.654;4,29;0;98,43;631,99;669;61,33;262.648.808;38,67;3,32;22,45;0,84;16,26;0;0;5,02;1,3;44,42;-28,16;13,51;0;83.310.349
2603 EMC;2022/09;3;Y;09;NTD;391.797.771;0;0;16.036.510;9.560.974;3.536.071;39.095.345;925.332;1.739.959;706.025;0;561.197;476.148.131;0;1.766.928;469.165;3.309.546;0;42.985.081;0;206.737.021;1.441.822;905.493;905.493;110.131.683;6.494.774;147.809.501;405.424.557;881.572.688;10.245;0;27.396;1.920.845;0;15.633.678;37.459.210;22.917.673;52.421.406;0;0;11.815.680;7.679.600;0;157.706.420;0;16.056.341;0;0;0;4.793.291;36.651.383;0;82.222.694;0;0;4.572.910;4.199.319;149.372.583;307.079.003;21.164.201;0;0;0;0;21.164.201;15.960.370;32.019.129;1.145.770;435.205.548;468.370.447;33.909.525;0;539.404.543;0;0;35.089.142;574.493.685;881.572.688;516.257.233;163.346.284;352.910.949;2.513;352.913.462;11.795.955;0;-53;864.969;341.982.476;2.944.746;3.378.921;8.947.032;2.335.155;8.980.909;0;0;0;0;18.971.707;360.954.183;46.270.951;314.683.232;0;0;0;314.683.232;-1.464.770;40.580.439;0;39.115.669;353.798.901;304.350.822;10.332.410;0;339.404.989;14.393.912;0;68,88;4.418.850;0;304.389.242;68,3;4.456.961;363.289.338;383.585.782;314.718.232;-;-;-;-;-;-;-;-;-;-;-;-;-;-;-;360.954.183;20.064.467;231.977;362.307.967;0;0;-15.764.541;3.280.753;67.235.025;-31.746.301;-95.238.884;-161.987.626;16.450.009;284.005.375;107.792.396;391.797.771;-;-;-;-;-;-;-;51,4;42,42;44,6;47,41;67,54;74,3;67,55;75,94;68,36;68,36;66,24;69,92;60,95;3,67;60,96;2.991,80;89,94;8.103;2,28;2,45;0;0;229,74;1,44;12,82;12,82;254,87;254,87;254,87;254,87;181,98;81,99;243,93;161,59;81,69;80,07;170,55;143,8;54,85;76,1;76,13;78,02;86,86;77,87;77,87;77,96;68,25;110,96;43,16;23,02;-;-;-;-;-;-;301,92;291,15;0,74;0,16;53,45;34,83;65,17;297,93;49.134.519;-368.260.736;8,55;0;155,57;1.615,85;1.705,49;-;318.441.711;-;6,93;17,07;0,92;21,32;334,37;1,09;3,82;1,48;56,69;-34,28;23,15;1,18;174.795.557
2609 YMTC;2022/09;3;Y;09;NTD;181.880.167;66.405;0;80.741.366;35.395.376;3.984.410;23.496.758;143.284;0;0;0;0;334.464.072;368.225;504.164;832.043;0;0;10.877.210;0;74.692.551;126.287;1.067.780;1.067.780;73.113.325;7.039.177;80.782.081;169.250.341;503.714.413;2.170.000;899.371;5.850;8.835.891;0;644.860;22.854.856;8.271.830;22.845.404;0;0;5.439.415;149.170;0;73.559.897;0;36.306.682;0;0;0;10.850.892;1.376.104;0;31.013.725;1.458;0;2.321.138;15.289.755;98.133.297;171.693.194;34.921.043;0;0;0;0;34.921.043;27.975.030;16.907.064;3.713.230;244.458.369;265.078.663;3.131.822;0;331.106.558;0;0;914.661;332.021.219;503.714.413;315.964.481;107.919.284;208.045.197;0;208.045.197;8.244.919;0;-1.748;1.468.973;201.269.251;1.795.492;1.861.182;12.017.884;1.728.758;1.300.583;0;0;0;0;13.450.891;214.720.142;48.526.209;166.193.933;0;0;0;166.193.933;-438.089;1.813.227;0;1.375.138;167.569.071;165.858.363;335.570;0;167.257.369;311.702;0;47,5;3.492.104;0;165.858.363;46,97;3.531.136;216.448.900;231.237.949;166.216.630;-;-;-;-;-;-;-;-;-;-;-;-;-;-;-;214.720.142;14.740.583;48.466;177.389.863;-330;0;-4.600.083;10.377;22.096.576;0;-69.842.085;-82.957.466;7.902.516;124.431.489;57.448.678;181.880.167;-;-;-;-;-;-;-;52,08;37,74;40,41;37,74;58,69;73,18;58,7;59,18;65,84;65,84;63,7;67,96;52,6;4,26;52,61;2.523,31;110,65;5.981;2,61;3,38;0;0;241,15;1,48;22,6;22,6;94,82;94,82;94,82;94,82;63,45;50,8;90,48;57,64;61,49;47,99;61,49;47,5;36,78;47,99;47,99;50,25;60,79;50,95;50,95;50,99;53,77;85,4;2,82;14,94;-;-;-;-;-;-;454,68;437,36;1,03;0,08;51,71;34,09;65,91;460,89;15.445.537;-282.637.777;4,65;0;125,2;576,36;614,87;-;260.904.175;-;7,08;18,49;0,95;19,69;0;0;5,67;1,49;53,59;-33,9;24,76;0;68.798.760
2603 EMC;2022/06;2;Y;06;NTD;334.582.500;5.977;0;77.280.200;9.531.583;4.399.504;51.042.364;1.360.559;2.186.365;646.929;0;382.520;493.827.937;0;2.048.121;523.204;4.645.825;0;40.894.451;0;191.551.169;1.426.629;901.219;901.219;105.449.083;6.381.637;138.707.796;380.698.414;874.526.351;9.574;0;0;1.842.259;0;19.110.664;37.722.999;109.914.099;38.651.277;0;0;10.879.485;9.715.215;0;239.325.541;0;15.504.199;0;0;0;4.780.462;38.252.264;0;77.932.693;0;0;4.589.001;7.231.842;149.038.713;388.364.254;52.910.491;0;0;0;11;52.910.502;15.939.570;32.019.129;1.145.770;334.507.742;367.672.641;14.792.326;0;451.315.039;0;0;34.847.058;486.162.097;874.526.351;345.823.872;106.031.416;239.792.456;-2.734;239.789.722;7.704.057;0;83;646.984;232.732.649;951.973;1.270.803;3.632.519;1.499.367;6.564.995;0;0;0;0;9.968.950;242.701.599;31.036.937;211.664.662;0;0;0;211.664.662;-674.196;18.779.657;0;18.105.461;229.770.123;203.652.773;8.011.889;0;219.589.984;10.180.139;0;38,49;5.290.976;0;203.678.364;37,96;5.365.455;244.200.966;257.397.086;211.667.276;-;-;-;-;-;-;-;-;-;-;-;-;-;-;-;242.701.599;13.047.067;149.053;237.945.952;0;0;-13.949.871;2.981.283;4.350.564;0;0;-22.675.076;7.168.664;226.790.104;107.792.396;334.582.500;-;-;-;-;-;-;-;34,65;28,66;30,08;30,93;50,19;74,43;50,19;54,48;69,34;69,34;67,3;70,18;61,21;2,88;61,21;3.112,55;98,65;8.103;2,23;2,39;0;0;99,42;0,79;12,79;12,79;85,3;85,3;85,3;85,3;68,9;44,97;163,4;109,97;45,87;43,43;114,68;96,23;82,09;136,48;136,59;142,46;150,46;136,09;136,09;136,23;100,08;143,38;49,03;20,24;-;-;-;-;-;-;206,34;198,89;0,7;0,14;79,88;44,41;55,59;276,27;52.757.515;-368.642.745;10,85;0;162,87;439,86;458,7;-;254.502.396;-;10,63;14,94;0,93;24,36;341,04;1,07;4;1,64;58,44;-33,02;31,36;1,15;130.430.648
2609 YMTC;2022/06;2;Y;06;NTD;170.035.892;74.280;0;112.070.439;29.720.000;7.285.792;25.656.943;308.871;0;0;0;0;353.196.985;14.686;515.098;38.434;0;0;11.106.361;0;73.733.077;125.766;686.763;686.763;65.183.879;7.039.177;73.047.486;159.267.671;512.464.656;1.540.000;899.404;0;8.311.747;0;1.015.671;23.352.306;78.739.454;29.332.674;56.307;0;4.314.822;204.470;0;149.471.664;0;32.149.212;0;0;0;10.825.226;2.235.302;0;24.049.069;1.406;0;2.352.779;10.559.915;83.111.008;232.582.672;34.921.043;0;0;0;0;34.921.043;27.975.030;16.907.064;3.713.230;194.710.643;215.330.937;862.848;0;279.089.858;0;0;792.126;279.881.984;512.464.656;216.151.750;68.363.728;147.788.022;0;147.788.022;5.864.593;0;25.740;1.330.508;143.253.937;718.225;761.680;8.215.757;1.126.139;846.914;0;0;0;0;8.698.212;151.952.149;35.628.197;116.323.952;0;0;0;116.323.952;-266.495;-627.480;0;-893.975;115.429.977;116.110.637;213.315;0;115.240.669;189.308;0;33,25;3.492.104;0;116.110.637;33,02;3.516.892;153.078.288;162.751.115;116.324.909;-;-;-;-;-;-;-;-;-;-;-;-;-;-;-;151.952.149;9.642.650;30.177;119.546.339;-330;0;-763.793;16.901;-1.143.169;0;0;-9.573.426;3.757.470;112.587.214;57.448.678;170.035.892;-;-;-;-;-;-;-;36,29;26,14;27,87;25,74;45,24;75,29;45,24;44,9;68,37;68,37;66,27;70,3;53,82;4,02;53,82;2.520,00;123,17;5.981;2,71;3,53;0;0,01;79,98;0,81;23,45;23,45;79,92;79,92;79,92;79,92;63,75;34,23;61,9;41,02;43,51;33,05;43,51;33,25;59,46;94,93;94,93;100,53;114,45;96,47;96,47;96,55;113,42;179,73;0,85;15,06;-;-;-;-;-;-;236,3;226,04;0,96;0,08;83,1;45,39;54,61;397,3;15.704.402;-296.196.209;5,61;0,01;135,93;410,22;435,13;-;203.725.321;-;9,17;18,11;0,96;20,1;0;0;5,86;1,68;57,06;-36,97;29,63;0;74.827.701
2603 EMC;2022/03;1;Y;03;NTD;214.864.398;46.836;0;102.935.263;15.820.050;3.664.425;50.959.356;975.620;2.028.831;575.055;0;247.845;403.463.194;0;2.264.720;573.053;511.303;0;38.743.870;0;174.740.032;1.272.322;860.610;860.610;102.535.743;7.534.133;135.461.839;354.427.749;757.890.943;9.252;0;0;1.085.135;0;19.042.645;40.409.688;16.213.538;24.484.483;0;0;11.168.565;12.928.060;0;136.603.521;0;10.527.720;0;0;0;6.767.668;41.146.277;0;79.715.424;0;0;4.539.057;10.500.979;153.855.936;290.459.457;52.910.491;0;0;0;11;52.910.502;15.899.336;8.122.482;581.406;351.915.245;360.619.133;7.296.570;0;436.725.541;0;0;30.705.945;467.431.486;757.890.943;170.824.671;52.797.926;118.026.745;-7.981;118.018.764;3.507.204;0;-1.316;290.879;114.802.439;243.150;369.215;231.026;753.112;2.726.434;0;0;0;0;2.573.563;117.376.002;11.224.725;106.151.277;0;0;0;106.151.277;251.022;9.135.292;0;9.386.314;115.537.591;101.359.559;4.791.718;0;109.801.836;5.735.755;0;19,16;5.290.901;0;101.372.356;18,95;5.348.203;118.129.114;124.488.831;106.149.505;-;-;-;-;-;-;-;-;-;-;-;-;-;-;-;117.376.002;6.290.357;69.360;123.803.205;0;0;-9.302.736;1.427.632;-11.343.983;0;0;-9.494.363;4.107.143;107.072.002;107.792.396;214.864.398;-;-;-;-;-;-;-;18,19;15,6;16,34;16,88;25,74;72,88;25,74;28,02;69,09;69,09;67,2;68,71;62,14;1,51;62,14;3.365,27;102,95;8.103;2,05;2,2;0;0;90,63;0,33;9,56;9,56;82,54;82,54;82,54;82,54;57,5;23,4;80,71;54,24;22,18;21,84;55,46;47,89;89,9;153,06;153,17;161,01;164,88;159,76;159,76;159,59;93,8;211,96;40,1;10,81;-;-;-;-;-;-;295,35;283,76;0,71;0,13;62,14;38,32;61,68;294,92;60.851.257;-272.815.290;13,02;0,03;156,85;216,97;221,84;-;266.859.673;-;11,03;14,77;1;24,64;360,47;1,01;4,16;1,66;61;-35,35;34,96;1,07;10.370.718
2609 YMTC;2022/03;1;Y;03;NTD;75.045.365;75.895;0;193.820.667;0;5.608.866;23.850.542;122.016;0;0;0;0;304.848.966;14.727;521.293;28.434;0;0;11.025.215;0;72.935.167;127.100;941.464;941.464;63.537.234;7.083.722;71.199.091;156.792.491;461.641.457;1.730.000;898.429;0;7.914.372;0;1.381.062;22.037.544;7.420.867;42.041.634;56.307;0;3.819.670;274.989;0;88.711.924;0;33.018.219;0;0;0;10.847.680;3.080.829;0;19.784.003;1.393;0;2.367.051;8.120.741;78.261.451;166.973.375;34.921.043;0;0;0;0;34.921.043;27.975.030;166.092;1.494.827;227.988.462;229.649.381;1.391.802;0;293.937.256;0;0;730.826;294.668.082;461.641.457;106.704.172;31.389.100;75.315.072;0;75.315.072;3.063.622;0;5.352;53.981;72.305.431;219.945;242.791;4.172.305;560.957;370.274;0;0;0;0;4.224.413;76.529.844;15.847.351;60.682.493;0;0;0;60.682.493;59.887;-396.964;0;-337.077;60.345.416;60.577.166;105.327;0;60.245.982;99.434;0;17,35;3.492.104;0;60.577.166;17,25;3.511.126;77.090.801;81.809.907;60.681.794;-;-;-;-;-;-;-;-;-;-;-;-;-;-;-;76.529.844;4.705.190;13.916;76.565.042;-330;0;-497.868;7.498;-54.934.510;0;0;-5.149.627;1.115.782;17.596.687;57.448.678;75.045.365;-;-;-;-;-;-;-;19,34;14,45;15,34;14,27;22,94;76,67;22,94;22,82;70,58;70,58;67,76;71,72;56,87;3,96;56,87;2.458,37;154,83;5.981;2,87;3,87;0;0,01;86,31;0,32;20,71;20,71;84,17;84,17;84,17;84,17;57,74;21,93;30,56;20,71;21,92;17,28;21,92;17,35;71,32;137,36;137,36;148,58;166,79;146,81;146,81;146,92;121,04;371,85;-1,12;9,46;-;-;-;-;-;-;343,64;330,19;0,92;0,08;56,66;36,17;63,83;423,11;16.831.927;-252.110.000;5,71;0,01;137,43;207,05;219,15;-;216.137.042;-;8,09;18,59;1,01;19,59;0;0;5,81;1,61;60,24;-40,65;28,95;0;2.086.725
2603 EMC;2021/12;4;Y;12;NTD;107.792.396;44.999;0;93.229.679;23.026.075;4.525.961;41.537.859;441.964;1.525.391;596.688;0;231.233;283.114.993;0;2.123.381;387.519;1.488.664;0;36.418.613;0;153.902.875;1.271.120;857.248;857.248;101.109.020;5.771.084;131.461.707;327.911.127;611.026.120;9.010;0;0;1.031.678;0;13.534.818;30.375.220;11.586.366;12.362.320;0;0;16.238.751;13.147.275;0;109.092.860;0;10.477.195;0;0;0;6.772.950;39.638.454;0;71.200.494;0;0;4.257.425;11.676.126;144.611.670;253.704.530;52.908.484;0;0;0;0;52.908.484;15.762.185;8.122.482;581.406;250.555.749;259.259.637;-1.145.770;0;326.784.536;0;0;30.537.054;357.321.590;611.026.120;489.406.832;187.412.073;301.994.759;-60.322;301.934.437;17.310.529;0;-2.073;238.289;284.862.197;386.629;878.714;3.619;3.237.000;5.727.046;0;0;0;0;3.372.379;288.234.576;25.124.517;263.110.059;0;0;0;263.110.059;2.042.683;-3.034.034;0;-991.351;262.118.708;239.014.860;24.095.199;0;238.402.107;23.716.601;0;45,57;5.244.562;0;239.055.595;45,22;5.287.051;291.471.576;314.082.740;263.061.791;0;0;0;0;95.238.884;0;0;0;18;18;0;0;0;0;0;288.234.576;22.323.687;287.477;301.058.324;0;0;-14.944.080;270.764;-166.155.806;0;-13.156.234;-69.407.958;-1.798.649;63.695.911;44.096.485;107.792.396;-;-;-;-;-;-;-;66,44;56,22;60,04;55,46;114,69;64,18;114,67;114,26;61,71;61,69;58,21;58,89;53,76;0,69;53,75;1.744,57;109,9;8.103;3,54;3,72;0;0;275,97;1,5;8,72;8,72;61,76;61,76;61,76;61,76;45,17;57,4;92,5;53,84;54,96;49,98;54,48;45,18;136,34;563,91;563,75;721,69;805,26;814,61;814,61;815,52;82,82;252,06;29,96;70,18;-;-;-;-;425,86;49,91;259,52;245,29;1,22;0,24;71;41,52;58,48;262,33;59.567.689;-164.525.460;16,67;0,21;90,04;538,41;544,78;60,15;174.022.133;39,85;11,79;15,42;1,04;23,66;381,78;0,96;3,59;2,13;49,61;-24,99;34,35;1,16;110.102.096
2609 YMTC;2021/12;4;Y;12;NTD;57.448.678;76.048;0;136.068.631;0;5.465.334;22.080.312;49.501;0;0;0;81.955;226.556.919;13.871;497.931;33.461;0;0;11.081.905;0;73.895.469;80.847;1.341.237;1.341.237;63.139.955;7.083.726;70.914.244;157.858.965;384.415.884;1.393.760;436.131;0;7.585.691;0;1.122.164;19.517.535;7.846.672;29.497.739;56.307;0;3.306.188;1.400.430;0;73.236.883;0;33.835.186;0;0;0;10.822.014;5.068.879;0;17.236.619;1.348;0;2.828.346;6.143.436;76.856.335;150.093.218;34.921.043;0;0;0;0;34.921.043;27.975.030;166.092;1.494.827;167.409.719;169.070.638;1.724.563;0;233.691.274;0;0;631.392;234.322.666;384.415.884;333.687.395;120.556.335;213.131.060;0;213.131.060;9.975.759;0;150.499;229.215;203.384.516;308.249;402.979;-357.118;2.572.605;1.518.973;0;0;0;0;-1.007.771;202.376.745;36.774.864;165.601.881;0;0;0;165.601.881;2.627.400;-842.099;0;1.785.301;167.387.182;165.268.628;333.253;0;167.177.697;209.485;0;48,73;3.391.275;0;165.269.826;48,28;3.423.270;204.949.350;222.459.978;165.880.200;0;0;0;0;69.842.085;0;0;0;20;20;0;0;0;0;0;202.376.745;17.454.705;55.923;209.857.288;-891;0;-7.284.906;134.724;-141.108.194;29.120.000;0;-34.731.401;-1.087.736;32.929.957;24.518.721;57.448.678;-;-;-;-;-;-;-;76,89;57,87;62,81;57,78;122,37;66,67;122,58;123,69;63,87;63,87;60,95;60,65;49,63;-0,3;49,71;2.136,49;145,12;5.981;2,99;3,68;0;0,05;286,55;1,69;18,17;18,17;66,92;66,92;66,92;66,92;47,41;61,88;95,55;58,24;59,68;49,36;57,95;47,33;120,58;717,09;717,09;945,13;1.153,10;1.258,86;1.258,86;1.161,89;97,16;544,9;0,32;78,41;-;-;-;-;957,87;56,14;309,35;294,56;1,53;0,19;64,05;39,04;60,96;338,6;19.121.214;-174.472.143;8,16;0,03;79,67;582,41;579,53;57,74;153.320.036;42,26;9,42;20,05;1,15;18,2;0;0;4,52;2,47;53,96;-35,76;30,78;0;9.019.432
2603 EMC;2021/09;3;Y;09;NTD;98.043.087;60.999;0;28.349.180;26.432.707;6.500.080;48.148.879;442.402;1.544.676;703.629;3.962;329.080;220.689.643;0;1.987.496;391.682;1.908.225;0;33.138.845;0;143.572.939;1.341.601;655.592;655.592;94.193.083;4.867.122;120.289.736;303.286.116;523.975.759;9.109;0;0;1.067.237;0;10.557.372;25.690.652;10.980.922;9.494.189;0;0;15.665.169;19.826.409;0;113.149.714;0;10.805.745;0;0;0;6.760.175;46.388.991;0;64.500.630;0;0;3.340.600;6.132.354;138.503.699;251.653.413;52.908.474;0;0;0;10;52.908.484;15.489.492;8.122.482;581.406;169.885.902;178.589.790;7.653;0;246.995.419;0;0;25.326.927;272.322.346;523.975.759;333.401.180;132.993.544;200.407.636;-42.225;200.365.411;8.415.648;0;-1.339;155.770;192.105.533;237.835;650.149;84.675;2.466.887;2.796.385;0;0;0;0;1.064.322;193.169.855;16.255.156;176.914.699;0;0;0;176.914.699;1.561.780;-1.126.104;0;435.676;177.350.375;158.279.091;18.635.608;0;158.885.840;18.464.535;0;30,27;5.228.964;0;158.307.052;30,08;5.262.379;195.636.742;212.208.895;176.850.714;-;-;-;-;-;-;-;-;-;-;-;-;-;-;-;193.169.855;16.355.665;216.488;194.518.447;0;0;-10.239.153;178.999;-86.584.916;0;-13.156.234;-53.410.955;-575.974;53.946.602;44.096.485;98.043.087;-;-;-;-;-;-;-;49,44;41,69;44,76;41,33;94,65;63,65;94,62;94,89;60,11;60,1;57,62;57,94;53,06;0,32;53,04;2.381,37;84,58;7.179;2,52;2,62;0;0;171,91;0,98;8,41;8,41;46,68;46,68;46,68;46,68;32,44;37,2;63,01;36,31;36,94;33,92;36,51;29,92;134,15;736,07;735,66;1.044,76;1.253,22;1.304,30;1.304,30;1.304,48;61,84;220,36;23,36;49,06;-;-;-;-;-;-;195,04;179,43;1,38;0,27;92,41;48,03;51,97;226,69;72.984.684;-79.901.289;26,8;0,31;79,31;363,09;365,1;-;107.539.929;-;17,94;12,69;1,04;28,69;325,75;1,12;3,39;2,38;47,48;-17,67;50,11;1,46;89.054.856
2609 YMTC;2021/09;3;Y;09;NTD;90.124.977;86.095;0;52.342.328;0;7.225.703;21.321.190;46.834;0;0;0;0;176.096.703;15.097;506.801;53.605;0;0;11.843.834;0;72.639.032;88.903;1.047.686;1.047.686;58.002.009;6.317.106;65.287.595;151.482.553;327.579.256;1.560.000;536.744;0;7.598.370;0;1.207.211;21.739.549;6.580.833;15.696.003;0;0;2.285.693;5.537.925;0;63.846.200;0;35.997.539;0;0;0;10.846.718;15.668.119;0;11.094.378;1.326;0;2.786.008;7.517.809;84.649.355;148.495.555;34.921.043;0;0;0;0;34.921.043;27.975.030;166.092;1.494.827;112.065.601;113.726.520;1.884.272;0;178.506.865;0;0;576.836;179.083.701;327.579.256;231.006.145;90.423.374;140.582.771;0;140.582.771;6.748.658;0;92.486;124.639;133.958.752;141.980;215.307;220.974;1.973.423;1.122.228;0;0;0;0;-414.914;133.543.838;23.443.777;110.100.061;0;0;0;110.100.061;2.645.117;-576.647;0;2.068.470;112.168.531;109.877.965;222.096;0;111.993.288;175.243;0;32,73;3.357.296;0;109.879.163;32,42;3.388.904;135.517.261;148.378.543;110.086.488;-;-;-;-;-;-;-;-;-;-;-;-;-;-;-;133.543.838;12.820.090;41.192;137.225.230;0;0;-3.779.453;130.260;-53.856.085;29.120.000;0;-17.262.930;-499.959;65.606.256;24.518.721;90.124.977;-;-;-;-;-;-;-;56,78;42,74;46,68;42,93;102,22;64,23;102,21;104,14;60,86;60,86;57,99;57,81;47,66;-0,18;47,66;2.083,12;97,54;5.948;2,92;3,56;0;0,04;214,93;1;17,56;17,56;51,12;51,12;51,12;51,12;34,65;40,87;66,15;38,36;39,78;33,41;38,24;31,46;119,49;1.391,91;1.391,91;2.578,53;4.116,33;5.295,92;5.295,92;5.397,45;68,89;793,03;-0,7;55,07;-;-;-;-;-;-;275,81;256,74;1,77;0,23;82,92;45,33;54,67;283,04;34.149.506;-108.403.894;19,07;0,04;68,67;383,6;382,42;-;112.250.503;-;11,91;18,94;1,18;19,22;0;0;4,21;2,86;57,16;-37,94;38,01;0;-6.556.748
2603 EMC;2021/06;2;Y;06;NTD;73.681.824;61.000;0;31.604.959;0;4.540.907;38.097.057;422.013;1.453.034;561.368;0;291.236;160.108.756;0;2.058.500;384.095;0;0;33.748.686;0;127.780.427;1.412.676;664.095;664.095;85.911.656;5.119.419;110.936.681;276.985.160;437.093.916;9.127;0;0;905.516;0;8.820.707;26.849.968;8.623.573;8.697.162;0;0;10.691.045;16.747.896;0;95.278.363;0;9.459.876;0;0;0;6.747.612;57.040.620;0;63.078.806;0;0;3.357.634;1.864.894;142.060.289;237.338.652;52.908.474;0;0;0;0;52.908.474;15.505.188;5.714.940;0;105.861.164;111.576.104;1.378.641;0;181.368.407;0;0;18.386.857;199.755.264;437.093.916;189.919.533;88.519.698;101.399.835;-46.573;101.353.262;5.460.993;0;449;96.492;95.988.761;138.965;367.300;39.006;1.750.129;2.259.039;0;0;0;0;915.216;96.903.977;7.250.941;89.653.036;0;0;0;89.653.036;2.545.250;-688.833;0;1.856.417;91.509.453;78.141.003;11.512.033;0;80.086.876;11.422.577;0;15,03;5.197.509;0;78.156.305;14,99;5.212.617;98.654.106;109.486.448;89.601.622;-;-;-;-;-;-;-;-;-;-;-;-;-;-;-;96.903.977;10.687.706;144.636;103.231.731;0;0;-4.125.435;112.839;-43.530.898;0;0;-29.687.622;-427.872;29.585.339;44.096.485;73.681.824;-;-;-;-;-;-;-;28,38;23,61;25,84;23,73;59,52;57,65;59,49;60,75;53,39;53,37;50,54;51,02;47,21;0,48;47,18;1.856,80;57,8;7.179;2,88;2,93;0;0;108,35;0,61;7,48;7,48;34,28;34,28;34,28;34,28;18,84;19,86;35,9;18,14;18,64;17,61;18,32;14,77;117,43;864,95;863,79;1.586,80;2.539,92;2.783,03;2.783,03;2.781,52;42,25;165,25;13,6;25,75;-;-;-;-;-;-;168,04;152,52;1,92;0,34;118,81;54,3;45,7;206,25;80.545.255;-24.802.528;40,32;0,38;56,37;181,42;183,15;-;64.830.393;-;19,35;12,66;0,98;28,76;374,11;0,97;3,08;2,52;48,75;-19,02;50,26;1,18;44.876.636
2609 YMTC;2021/06;2;Y;06;NTD;60.320.499;209.662;0;1.073.547;0;4.353.345;19.337.840;122.854;0;0;0;0;90.000.802;25.000;5.110.720;53.533;0;0;7.533.816;0;73.094.413;82.410;1.043.136;1.043.136;56.220.254;6.317.143;63.173.846;150.116.874;240.117.676;1.619.222;487.121;0;7.552.724;0;626.402;19.548.879;4.986.928;5.678.555;0;0;2.013.859;8.820.901;0;52.101.045;0;37.928.745;0;0;0;10.820.988;21.333.085;0;7.465.598;1.343;0;2.874.068;6.766.943;87.960.659;140.061.704;33.321.043;0;0;0;0;33.321.043;424.206;166.092;1.494.827;59.052.055;60.712.974;5.013.852;0;99.472.075;0;0;583.897;100.055.972;240.117.676;135.553.705;59.736.147;75.817.558;0;75.817.558;4.462.506;0;61.765;81.546;71.436.598;67.917;113.080;29.552;1.341.420;619.393;0;0;0;0;-579.395;70.857.203;11.651.494;59.205.709;0;0;0;59.205.709;3.363.763;-355.456;0;3.008.307;62.214.016;59.052.111;153.598;0;62.109.322;104.694;0;17,88;3.302.034;0;59.053.309;17,7;3.336.766;72.198.623;80.677.814;59.183.856;-;-;-;-;-;-;-;-;-;-;-;-;-;-;-;70.857.203;8.452.432;26.759;72.756.554;0;0;-2.891.722;120.493;-1.675.622;0;0;-34.846.801;-432.353;35.801.778;24.518.721;60.320.499;-;-;-;-;-;-;-;37,08;27,71;30,82;28,6;86,82;59,52;86,79;91,23;55,93;55,93;52,7;52,27;43,68;-0,43;43,66;1.698,99;68,02;5.948;3,29;4,01;0;0,05;139,65;0,56;16,44;16,44;29,85;29,85;29,85;29,85;21,87;22,03;38,82;20,46;21,46;18,84;20,29;16,91;104,17;1.929,59;1.929,59;8.234,28;18.188,88;7.708,77;7.708,77;7.499,90;32,54;511,27;1,09;30,48;-;-;-;-;-;-;172,74;155,59;2,23;0,27;139,98;58,33;41,67;180,88;43.081.317;-18.522.391;43,06;0,08;53,82;214,39;212,65;-;37.899.757;-;19,33;17,75;1,25;20,5;0;0;3,69;3,98;54,35;-33,84;39,76;0;13.405.286
2603 EMC;2021/03;1;Y;03;NTD;62.716.849;290;0;16.321.547;0;3.796.912;29.219.840;159.564;1.596.696;396.042;0;208.096;123.425.089;0;1.785.252;355.976;0;0;30.928.496;0;124.442.839;1.508.564;656.293;656.293;86.740.560;5.196.660;107.966.502;267.643.922;391.069.011;9.376;0;0;917.321;0;5.206.968;25.246.498;8.381.826;3.595.381;0;0;10.345.171;24.837.886;0;84.890.926;0;9.885.495;0;0;0;6.344.606;68.599.845;0;63.740.252;0;0;3.367.739;3.923.247;156.340.683;241.231.609;52.215.557;0;0;0;493.803;52.709.360;15.132.876;5.714.940;0;63.817.580;69.532.520;413.559;0;137.788.315;0;0;12.049.087;149.837.402;391.069.011;89.953.060;43.313.405;46.639.655;-23.489;46.616.166;2.666.533;0;740;34.964;43.984.597;62.213;180.154;-27.373;883.368;1.059.644;0;0;0;0;329.057;44.313.654;3.447.966;40.865.688;0;0;0;40.865.688;267.901;873.306;0;1.141.207;42.006.895;36.083.120;4.782.568;0;37.078.085;4.928.810;0;7,04;5.123.045;0;36.091.412;7,01;5.147.240;45.197.022;50.448.704;40.891.922;-;-;-;-;-;-;-;-;-;-;-;-;-;-;-;44.313.654;5.179.276;72.406;44.264.227;0;0;-1.061.665;40.153;-16.895.664;0;0;-9.607.143;858.944;18.620.364;44.096.485;62.716.849;-;-;-;-;-;-;-;13,92;11,46;12,63;11,58;32,52;56,08;32,54;33,43;51,85;51,82;48,9;49,26;45,43;0,37;45,46;1.749,07;38,61;7.179;2,96;3,06;0;0;52,14;0,3;7,78;7,78;26,39;26,39;26,39;26,39;11,66;8,64;17;8,31;8,65;8,2;8,38;6,82;106,91;1.483,86;1.480,09;8.760,52;7.274,67;5.673,99;5.673,99;5.676,35;27,19;109,63;11,98;12,32;-;-;-;-;-;-;145,39;129,6;2,12;0,38;161;61,69;38,31;180,63;99.791.713;20.753.027;66,6;1,06;51,16;84,24;84,87;-;38.534.163;-;19,77;14,07;0,99;25,87;443,59;0,82;2,96;2,86;48,13;-21,44;47,53;0,88;19.868.628
2609 YMTC;2021/03;1;Y;03;NTD;38.149.969;287.475;0;967.253;0;3.588.194;14.597.157;63.841;0;0;0;0;62.162.532;0;2.195.484;53.533;0;0;7.206.917;0;73.757.000;80.939;768.003;768.003;55.727.150;6.317.181;62.629.705;146.691.581;208.854.113;1.651.240;8.654.587;0;7.676.977;0;663.511;18.281.664;5.912.476;260.837;0;0;1.925.655;12.480.043;0;58.123.563;0;40.803.916;0;0;0;4.958.977;29.044.407;0;5.681.102;1.373;0;2.883.135;4.141.850;88.280.716;146.404.279;33.321.043;0;0;0;0;33.321.043;403.657;0;0;26.177.970;26.177.970;1.925.227;0;61.827.897;0;0;621.937;62.449.834;208.854.113;62.282.455;30.551.829;31.730.626;0;31.730.626;2.717.622;0;19.085;74.254;29.087.258;24.904;48.127;-6.816;691.979;249.363;0;0;0;0;-401.305;28.685.953;4.099.009;24.586.944;0;0;0;24.586.944;194.771;-219.914;0;-25.143;24.561.801;24.517.051;69.893;0;24.485.693;76.108;0;7,49;3.271.630;0;24.518.249;7,34;3.341.399;29.377.932;33.622.104;24.575.108;-;-;-;-;-;-;-;-;-;-;-;-;-;-;-;28.685.953;4.230.916;13.256;32.093.031;0;0;-1.089.122;120.183;290.361;0;0;-18.776.927;24.783;13.631.248;24.518.721;38.149.969;-;-;-;-;-;-;-;16,65;12,45;14,13;12,16;49,78;53,98;49,75;49,73;50,95;50,95;46,7;46,06;39,48;-0,64;39,46;1.167,59;39,79;5.948;4,36;5,19;0;0,03;55,22;0,26;14,29;14,29;18,56;18,56;18,56;18,56;11,47;9,81;17,84;8,33;8,77;7,51;8,21;7,02;79,79;1.828,73;1.828,73;12.352,22;4.600,59;3.355,10;3.355,10;3.531,63;10,16;303,58;2,63;12,87;-;-;-;-;-;-;106,95;93,02;2,75;0,32;234,44;70,1;29,9;130,77;56.789.254;17.384.557;90,94;0,14;42,45;87,29;86,09;-;4.038.969;-;23,37;19,31;1,23;18,85;0;0;3,38;5,04;51,25;-32,4;37,67;0;10.214.890
2603 EMC;2020/12;4;Y;12;NTD;44.096.485;4.289;0;6.768.603;0;3.041.569;21.918.623;259.517;1.619.990;385.097;0;205.171;85.837.891;0;1.657.983;348.609;0;0;29.919.994;0;118.642.644;1.552.438;664.194;664.194;76.189.187;5.171.512;95.597.087;248.382.949;334.220.840;9.249;0;0;898.484;0;3.681.247;20.567.207;5.577.387;1.436.225;0;0;9.469.102;22.201.548;0;72.490.805;0;9.971.891;0;0;0;12.779.043;77.040.500;0;53.831.455;0;0;3.423.829;2.872.242;160.235.742;232.726.547;48.980.353;0;0;0;0;48.980.353;12.433.364;5.714.940;0;27.734.460;33.449.400;-581.406;0;94.281.711;0;0;7.212.582;101.494.293;334.220.840;207.077.912;161.590.726;45.487.186;1.907;45.489.093;10.875.169;0;-5.405;53.940;34.667.864;341.671;906.473;350.685;4.536.522;451.329;0;0;0;0;-2.828.035;31.839.829;3.072.519;28.767.310;0;0;0;28.767.310;167.887;-2.527.693;0;-2.359.806;26.407.504;24.364.926;4.402.384;0;22.359.390;4.048.114;0;5,06;4.813.206;0;24.388.508;4,96;4.917.317;36.376.351;57.441.847;28.733.668;0;0;0;0;13.156.234;0;0;0;2,49;2,49;0;0;0;0;0;31.839.829;20.759.698;305.798;51.858.045;-305.000;147.053;-5.470.690;850.630;-32.884.890;0;0;-11.092.103;-1.656.456;6.224.596;37.871.889;44.096.485;-;-;-;-;-;-;-;17,92;10,11;15,36;8,24;32,86;27,74;32,82;30,16;21,97;21,97;16,74;15,38;13,89;-1,37;13,88;418,27;18,72;7.179;5,25;5,08;0;0;71,54;1,69;9,65;9,65;19,25;19,25;19,25;19,25;4,97;10,77;42,28;7,08;6,62;5,49;6,5;4,97;8,65;213,32;212,53;644,22;3.987,79;12.999,39;12.999,39;16.623,48;9,01;37,91;9,48;9,24;-;-;-;-;126,32;15,82;118,41;103;14;0,99;229,3;69,63;30,37;161,25;112.030.340;61.160.963;110,38;1,59;8,02;70,78;65,01;46;13.347.086;54;21,98;11,25;0,65;32,44;489,85;0,75;1,82;2,37;41,95;-8,77;44;0,87;33.615.741
2609 YMTC;2020/12;4;Y;12;NTD;24.518.721;1.743.413;0;2.191.233;0;2.890.274;11.206.052;41.996;0;0;0;105.276;46.261.219;0;1.998.531;103.439;0;0;6.972.400;0;73.663.236;88.268;3.162.100;3.162.100;55.853.713;6.317.219;62.726.792;148.714.766;194.975.985;2.072.156;12.113.626;0;7.370.742;0;352.216;16.128.424;4.328.266;264.165;0;0;2.146.472;14.315.643;0;59.749.354;0;40.383.562;0;0;0;4.945.877;41.096.387;0;6.089.430;1.396;0;3.027.709;2.573.337;98.891.779;158.641.133;31.676.622;0;0;0;0;31.676.622;384.106;0;0;1.660.919;1.660.919;1.956.585;0;35.678.232;0;0;656.620;36.334.852;194.975.985;151.276.683;125.192.367;26.084.316;0;26.084.316;6.985.679;0;35.547;361.555;19.460.192;133.458;278.347;-400.445;3.560.297;372.246;0;0;0;0;-3.310.149;16.150.043;3.963.255;12.186.788;0;0;0;12.186.788;-229.450;1.677.565;0;1.448.115;13.634.903;11.977.013;209.775;0;13.476.092;158.811;0;4,51;2.656.125;0;12.150.524;3,64;3.334.083;19.710.340;36.912.225;13.145.370;0;0;0;0;0;0;0;0;0;0;0;0;0;0;0;16.150.043;17.149.693;52.192;35.042.626;-1.791;3.675;-8.555.365;1.160.981;-6.128.918;0;0;-21.223.867;-348.459;7.341.382;17.177.339;24.518.721;-;-;-;-;-;-;-;19,62;7,79;15,42;7,07;45,63;24,4;49,22;51,05;17,24;17,24;12,86;10,68;8,06;-2,19;8,69;373,4;17,45;5.948;4,62;5,58;0;0,02;58,65;1,58;24,54;24,54;11,26;11,26;11,26;11,26;4,08;13,19;47,76;6,14;6,08;5,13;5,1;3,78;1,4;329,39;329,39;2.017,86;550,14;404,83;404,83;422,91;2,08;112,71;1,96;8,44;-;-;-;-;163,99;18,2;77,43;66,45;23,68;0,89;436,61;81,36;18,64;111,83;74.543.689;46.090.322;205,16;0,25;5,54;61,43;50,98;100;-13.488.135;0;30,84;14,18;0,78;25,75;0;0;2,07;5,66;42,11;-16,36;34,61;0;8.890.224
2603 EMC;2020/09;3;Y;09;NTD;41.927.208;0;0;8.622.825;0;2.387.617;17.394.325;426.816;1.350.894;401.721;0;450.084;79.247.034;0;1.566.894;341.014;0;0;28.599.101;0;116.507.720;1.666.228;523.122;523.122;76.813.078;5.253.080;95.305.414;244.509.493;323.756.527;9.459;0;28.701;905.017;0;3.936.431;18.174.372;5.998.407;962.295;0;0;9.623.129;27.244.224;0;69.923.211;0;10.535.255;0;0;0;14.223.941;84.416.342;0;54.009.513;0;0;2.972.459;2.354.323;168.828.313;238.751.524;48.129.738;0;0;0;0;48.129.738;11.787.963;5.714.940;0;14.599.325;20.314.265;52.404;0;80.284.370;0;0;4.720.633;85.005.003;323.756.527;142.388.119;118.417.991;23.970.128;6.637;23.976.765;7.231.304;0;-4.569;35.881;16.781.342;283.921;709.300;548.269;3.576.195;-187.888;0;0;0;0;-2.506.514;14.274.828;1.676.719;12.598.109;0;0;0;12.598.109;-97.353;-1.132.709;0;-1.230.062;11.368.047;10.935.991;1.662.118;0;9.858.065;1.509.982;0;2,27;4.812.974;0;10.936.503;2,27;4.820.198;17.851.023;33.729.191;12.591.884;-;-;-;-;-;-;-;-;-;-;-;-;-;-;-;14.274.828;15.647.680;230.488;29.404.943;0;148.695;-5.104.857;833.667;-26.916.984;0;0;2.252.389;-685.029;4.055.319;37.871.889;41.927.208;-;-;-;-;-;-;-;10,7;4,9;8,93;3,61;15,89;23,69;15,88;14,34;16,83;16,84;11,79;10,03;8,85;-1,76;8,84;331,48;9,6;6.726;5,08;4,93;0;0;42,05;1,36;11,75;11,75;16,68;16,68;16,68;16,68;2,22;6,11;29,07;3,43;2,97;2,36;2,91;2,23;-0,19;118,01;117,52;344,59;1.568,50;12.043,57;12.043,57;8.164,94;4,4;19,95;5,32;4,04;-;-;-;-;-;-;113,33;99,71;23,13;1,16;280,87;73,74;26,26;157,62;125.893.966;75.343.933;148,1;2,2;4,99;34,87;29,66;-;9.323.823;-;20,94;11,76;0,6;30,95;466,87;0,78;1,69;2,39;40,06;-8,33;37,94;0,9;16.648.308
2609 YMTC;2020/09;3;Y;09;NTD;17.853.058;3.183.839;0;2.988.417;0;2.001.233;10.774.328;35.164;0;0;0;0;41.025.885;0;1.668.699;115.629;0;0;7.877.760;0;73.148.217;96.450;4.739.749;4.739.749;58.435.209;6.313.207;65.290.022;152.936.526;193.962.411;2.296.500;10.408.327;0;7.399.038;0;376.688;16.255.728;3.275.920;102.778;47.668;0;2.368.289;25.819.289;0;69.034.222;0;43.212.029;0;0;0;4.983.147;45.227.793;0;6.542.889;1.377;0;2.422.338;1.752.379;104.874.707;173.908.929;26.226.242;0;0;0;0;26.226.242;311.066;0;0;-7.981.075;-7.981.075;855.002;0;19.411.235;0;0;642.247;20.053.482;193.962.411;105.247.069;95.824.067;9.423.002;0;9.423.002;4.694.866;0;21.840;273.061;5.001.197;108.338;231.875;631.753;2.792.917;95.394;0;0;0;0;-1.833.895;3.167.302;1.126.870;2.040.432;0;0;0;2.040.432;-106.983;915.537;0;808.554;2.848.986;1.850.823;189.609;0;2.732.515;116.471;0;0,71;2.603.145;0;2.010.495;0,6;3.332.105;5.960.219;18.867.507;2.002.500;-;-;-;-;-;-;-;-;-;-;-;-;-;-;-;3.167.302;12.868.310;38.978;16.095.808;-1.791;3.675;-6.499.853;958.079;-5.127.538;0;0;-10.073.144;-219.407;675.719;17.177.339;17.853.058;-;-;-;-;-;-;-;9,78;2,22;7,57;1,48;10,99;17,93;10,78;15,34;8,95;8,95;4,75;3,01;1,94;-1,74;1,9;200,71;4,53;5.558;4,46;5,44;0;0,02;23,32;1,23;35,58;35,58;7,4;7,4;7,4;7,4;0,31;6,18;33,23;1,58;1,22;1,09;1;0,58;-7,07;90,8;90,8;670,65;214,33;166,19;166,19;163,71;0,18;20,23;0,36;2,74;-;-;-;-;-;-;59,43;50,46;65,33;1,05;867,23;89,66;10,34;96,06;88.735.056;64.709.742;442,49;0,48;2,13;19,07;12,08;-;-28.008.337;-;53,73;13,42;0,73;27,12;0;0;1,93;7,56;41,33;-14,21;34,32;0;11.024.985
2603 EMC;2020/06;2;Y;06;NTD;38.258.732;0;0;423.186;0;1.186.338;14.740.905;625.771;1.601.235;351.207;0;350.395;64.038.978;0;1.458.417;341.294;0;0;28.408.668;0;112.546.416;1.755.156;885.650;885.650;79.168.111;5.291.466;97.839.756;243.235.357;307.274.335;9.553;0;0;1.904.770;0;2.514.011;15.539.022;5.012.937;645.731;0;0;8.840.936;29.244.379;0;67.833.566;0;16.945.708;0;0;0;6.000.000;85.663.757;0;50.221.565;0;0;2.971.137;2.047.612;164.133.678;231.967.244;48.129.738;0;0;0;0;48.129.738;11.408.494;5.714.940;0;6.412.845;12.127.785;169.209;0;71.835.226;0;0;3.471.865;75.307.091;307.274.335;87.346.001;76.837.670;10.508.331;7.787;10.516.118;4.823.586;0;-2.834;-1.932;5.690.600;225.471;495.126;104.889;2.550.839;-69.059;0;0;0;0;-2.019.883;3.670.717;561.034;3.109.683;0;0;0;3.109.683;-319.904;-741.625;0;-1.061.529;2.048.154;2.750.779;358.904;0;1.788.390;259.764;0;0,57;4.812.974;0;2.750.779;0,57;4.814.767;6.221.556;16.872.420;3.109.522;-;-;-;-;-;-;-;-;-;-;-;-;-;-;-;3.670.717;10.497.210;153.654;13.405.953;0;148.573;-3.658.661;783.040;-11.461.956;0;0;-1.120.176;-436.978;386.843;37.871.889;38.258.732;-;-;-;-;-;-;-;5,5;1,68;4,45;0,67;4,18;19,32;4,18;2,75;12,03;12,04;6,52;4,2;3,56;-2,31;3,56;217,85;4,54;6.726;5,52;5,31;0;0;19,76;1,02;15,28;15,28;14,93;14,93;14,93;14,93;0,56;2,79;17,83;1,16;0,76;0,43;0,75;0,56;-5,89;47,77;47,49;135,91;574,81;18.885,79;18.885,79;18.910,34;2,13;5,49;4,28;1,09;-;-;-;-;-;-;94,41;82,04;49,53;1,42;308,03;75,49;24,51;148,36;120.917.689;82.235.771;160,57;2,39;2,44;11,82;7,63;-;-3.794.588;-;20,04;11,79;0,57;30,87;491,08;0,74;1,58;2,35;38,04;-6,43;31,4;0,77;16.497.185
2609 YMTC;2020/06;2;Y;06;NTD;16.134.647;287.865;0;3.053.784;0;1.636.987;8.692.131;67.338;0;0;0;0;33.959.319;0;1.629.728;115.776;0;0;7.859.919;0;72.316.095;105.462;5.445.947;5.445.947;52.890.682;6.313.245;59.733.854;147.206.781;181.166.100;3.116.117;11.084.971;16.887;6.778.658;0;272.148;12.358.036;3.812.645;98.545;1.081.516;0;2.617.849;24.898.571;0;66.675.842;0;39.001.122;0;0;0;4.970.047;42.986.676;0;6.409.208;1.378;0;2.414.926;1.814.567;98.121.755;164.797.597;26.013.357;0;0;0;0;26.013.357;308.765;0;0;-10.717.793;-10.717.793;117.201;0;15.721.530;0;0;646.973;16.368.503;181.166.100;66.392.464;62.656.850;3.735.614;0;3.735.614;3.088.359;0;19.166;209.887;857.142;78.958;107.257;529.717;1.899.631;13.798;0;0;0;0;-1.248.859;-391.717;386.408;-778.125;0;0;0;-778.125;-147.529;250.902;0;103.373;-674.752;-885.895;107.770;0;-742.004;67.252;0;-0,34;2.601.336;0;-885.895;-0,34;2.601.336;1.507.914;10.127.989;-799.793;-;-;-;-;-;-;-;-;-;-;-;-;-;-;-;-391.717;8.593.812;26.263;11.020.767;0;3.675;-3.553.118;541.586;-2.722.155;0;0;-9.231.756;-109.548;-1.042.692;17.177.339;16.134.647;-;-;-;-;-;-;-;5,43;0,4;4,09;-0,36;-4,65;15,25;-4,78;-4,03;5,63;5,63;1,29;-0,59;-1,17;-1,88;-1,2;120,96;0,13;5.558;4,65;5,68;0;0,03;16,53;0,84;0;-;6,04;6,04;6,04;6,04;-1,26;4,24;20,96;0,27;-0,15;-0,26;-0,12;-0,28;-12,03;37,74;37,74;392,19;75,57;56,49;56,49;56,57;-10,44;-9,61;-1,75;0,67;-;-;-;-;-;-;50,93;42,35;256,16;1,14;1.006,80;90,96;9,04;88,95;87.056.382;67.580.086;531,85;0,63;0,79;3,3;-1,51;-;-32.716.523;-;53,1;14,11;0,71;25,81;0;0;1,84;7,94;36,47;-10,67;27,32;0;11.574.136
2603 EMC;2020/03;1;Y;03;NTD;37.384.573;0;0;706.653;0;1.371.280;14.292.651;333.889;1.566.823;295.153;0;399.911;62.814.227;0;1.452.117;340.138;0;0;28.538.325;0;111.147.375;1.873.250;994.459;994.459;82.255.432;5.432.571;100.313.565;244.659.229;307.473.456;527.344;0;0;1.934.757;0;2.771.898;14.168.725;4.637.269;602.049;0;0;9.065.072;25.929.958;0;63.085.247;0;17.846.103;0;0;0;10.000.000;87.678.688;0;52.198.720;0;0;2.974.629;1.908.802;172.912.067;235.997.314;48.129.738;0;0;0;0;48.129.738;11.407.992;5.714.940;0;3.220.489;8.935.429;48.681;0;68.521.840;0;0;2.954.302;71.476.142;307.473.456;43.475.255;40.530.578;2.944.677;5.536;2.950.213;2.447.425;0;-2.776;-6.377;496.411;138.079;263.915;87.099;1.324.561;-140.504;0;0;0;0;-1.114.051;-617.640;115.509;-733.149;0;0;0;-733.149;-493.210;-640.076;0;-1.133.286;-1.866.435;-441.577;-291.572;0;-1.524.494;-341.941;0;-0,09;4.812.974;0;-441.577;-0,09;4.812.974;706.921;6.048.234;-733.310;-;-;-;-;-;-;-;-;-;-;-;-;-;-;-;-617.640;5.264.307;77.006;2.479.889;0;150.464;-1.906.646;774.731;-5.909.461;0;0;3.129.322;-187.066;-487.316;37.871.889;37.384.573;-;-;-;-;-;-;-;1,97;0,11;1,5;-0,61;-1,01;13,91;-1,01;-2,57;6,77;6,79;1,14;-1,42;-1,69;-2,56;-1,69;120,32;2,28;6.726;5,63;5,3;0;-0,01;3,93;0,52;0;-;14,24;14,24;14,24;14,24;-0,17;0,52;8,88;0,1;-0,13;-0,39;-0,13;-0,09;-4,86;-13,72;-13,86;-61,9;-187,17;-258,04;-258,04;-258,15;5,45;-0,17;8,01;-0,31;-;-;-;-;-;-;99,57;86,05;405,69;1,44;330,18;76,75;23,25;152,19;124.135.990;86.044.764;173,67;5,14;0,53;1,03;-1,28;-;-271.020;-;20,41;11,92;0,57;30,54;569,04;0,64;1,58;2,4;34,52;-3,34;30,35;0,62;5.573.249
2609 YMTC;2020/03;1;Y;03;NTD;18.250.726;721.102;0;542.539;0;2.255.222;10.425.344;71.001;0;0;0;0;37.580.766;0;1.412.208;2.750.607;0;0;7.941.452;0;71.884.833;116.928;5.589.185;5.589.185;55.524.823;6.313.282;62.309.191;152.004.404;189.585.170;4.933.867;12.491.603;62.943;6.868.251;0;295.198;13.568.912;3.944.401;117.531;1.053.898;0;2.954.481;12.721.349;0;59.458.378;0;40.960.286;0;0;0;12.221.107;47.559.185;2.257.632;7.017.396;1.375;0;2.476.893;1.772.320;114.652.955;174.111.333;26.013.357;0;0;0;0;26.013.357;1.939.381;0;0;-12.280.877;-12.280.877;-839.632;0;14.832.229;0;0;641.608;15.473.837;189.585.170;34.642.179;32.997.026;1.645.153;0;1.645.153;1.575.626;0;5.689;164.064;233.591;40.783;62.326;-54.490;917.118;38.309;0;0;0;0;-870.973;-637.382;117.953;-755.335;0;0;0;-755.335;-381.996;-464.546;0;-846.542;-1.601.877;-818.363;63.028;0;-1.631.305;29.428;0;-0,31;2.601.336;0;-818.363;-0,31;2.601.336;279.736;4.607.155;-716.136;-;-;-;-;-;-;-;-;-;-;-;-;-;-;-;-637.382;4.314.033;13.386;3.629.516;0;0;-1.464.672;508.363;-712.382;0;0;-1.817.851;-25.896;1.073.387;17.177.339;18.250.726;-;-;-;-;-;-;-;2,44;-0,01;1,83;-0,84;-4,64;13,3;-4,4;-9,84;4,75;4,75;0,67;-1,84;-2,18;-2,51;-2,07;104,41;-0,8;5.558;4,55;5,42;0;0,02;6,1;0,38;0;-;5,7;5,7;5,7;5,7;-1,7;1,4;10,94;0,07;-0,25;-0,62;-0,2;-0,26;-1,24;5,87;5,87;215,13;-12,11;-23,23;-23,23;-7,37;-4,5;-22,08;-3,19;0,05;-;-;-;-;-;-;63,21;50,47;-4.237,95;1;1.125,20;91,84;8,16;107,83;92.184.743;72.670.376;595,75;0,71;0,31;0,9;-2,45;-;-21.877.612;-;67,37;13,48;0,73;27,01;0;0;1,92;8,51;36,3;-9,29;31,51;0;-1.446.195
